03:50:11	raw/lowpoly_tropical/bench.glb	68.7	0
03:51:34	raw/lowpoly_tropical/cafe-chair.glb	83.4	0
03:54:24	raw/lowpoly_tropical/reading-chair.glb	170.5	0
03:57:05	raw/lowpoly_tropical/perch-seat.glb	160.7	0
04:06:07	raw/lowpoly_tropical/great-tree.glb	175.5	0
04:07:35	raw/neon_noir/bench.glb	87.4	0
04:09:08	raw/neon_noir/cafe-chair.glb	93.1	0
04:11:52	raw/neon_noir/reading-chair.glb	164.0	0
04:15:33	raw/neon_noir/great-tree.glb	221.3	0
04:18:50	raw/neutral/great-tree.glb	197.0	0
04:20:04	raw/neutral/palm-tall.glb	74.3	0
04:22:20	raw/voxel/great-tree.glb	135.5	0
04:25:15	raw/lowpoly_tropical/guild-hall.glb	174.8	0
04:27:59	raw/neon_noir/guild-hall.glb	164.5	0
04:29:34	raw/lowpoly_tropical/bench-worn.glb	95.3	0
04:31:01	raw/neon_noir/bench-worn.glb	86.6	0
08:48:03	raw/neon_noir/great-tree-neutral.glb	253.3	0
08:51:35	raw/anime_cel/bench.glb	211.9	0
08:54:56	raw/anime_cel/cafe-chair.glb	201.1	0
09:02:53	raw/anime_cel/reading-chair.glb	477.2	0
09:08:54	raw/anime_cel/great-tree.glb	361.0	0
09:11:38	raw/anime_cel/perch-seat.glb	164.2	0
09:13:31	raw/solarpunk/bench.glb	105.2	0
09:15:17	raw/solarpunk/cafe-chair.glb	106.0	0
09:19:12	raw/solarpunk/reading-chair.glb	235.0	0
09:24:04	raw/solarpunk/great-tree.glb	292.0	0
09:26:16	raw/solarpunk/perch-seat.glb	132.8	0
09:27:58	raw/voxel/bench.glb	102.0	0
09:30:36	raw/voxel/cafe-chair.glb	157.6	0
09:34:41	raw/voxel/reading-chair.glb	244.7	0
09:39:29	raw/voxel/great-tree.glb	288.0	0
09:43:07	raw/voxel/perch-seat.glb	218.4	0
09:47:25	raw/anime_cel/great-tree-seed7.glb	251.4	0
09:51:22	raw/anime_cel/great-tree-seed1234.glb	236.5	0
09:53:12	raw/solarpunk/bench.glb	102.2	0
09:56:03	raw/solarpunk/perch-seat.glb	170.8	0
09:57:45	raw/voxel/bench.glb	102.6	0
10:01:26	raw/voxel/perch-seat.glb	220.8	0
11:52:14	raw/anime_cel/cafe-table.glb	86.2	0
11:53:50	raw/anime_cel/umbrella.glb	95.3	0
11:59:08	raw/anime_cel/planter.glb	318.1	0
12:02:51	raw/anime_cel/planter-pot.glb	223.1	0
12:04:06	raw/anime_cel/lamp-post.glb	71.4	0
12:05:59	raw/anime_cel/bollard.glb	112.3	0
12:07:41	raw/anime_cel/railing.glb	102.7	0
12:10:51	raw/anime_cel/street-tree-a.glb	182.0	0
12:13:39	raw/anime_cel/street-tree-b.glb	168.1	0
12:15:22	raw/anime_cel/palm-tall.glb	102.3	0
12:17:55	raw/anime_cel/palm-short.glb	153.4	0
12:24:38	raw/anime_cel/shrub-round.glb	394.1	0
12:28:26	raw/anime_cel/shrub-leafy.glb	227.8	0
12:30:35	raw/anime_cel/flowerbed.glb	128.9	0
12:32:20	raw/anime_cel/tram-shelter.glb	98.3	0
12:34:19	raw/anime_cel/fountain.glb	108.0	0
12:36:28	raw/lowpoly_tropical/cafe-table.glb	121.9	0
12:38:03	raw/lowpoly_tropical/umbrella.glb	95.1	0
12:42:25	raw/lowpoly_tropical/planter.glb	261.9	0
12:44:59	raw/lowpoly_tropical/planter-pot.glb	154.3	0
12:46:07	raw/lowpoly_tropical/lamp-post.glb	62.1	0
12:47:37	raw/lowpoly_tropical/bollard.glb	89.9	0
12:49:11	raw/lowpoly_tropical/railing.glb	93.6	0
12:52:49	raw/lowpoly_tropical/street-tree-a.glb	208.8	0
12:55:40	raw/lowpoly_tropical/street-tree-b.glb	171.3	0
12:57:05	raw/lowpoly_tropical/palm-tall.glb	84.4	0
12:58:51	raw/lowpoly_tropical/palm-short.glb	106.2	0
13:02:07	raw/lowpoly_tropical/shrub-round.glb	188.2	0
13:05:27	raw/lowpoly_tropical/shrub-leafy.glb	200.0	0
13:08:43	raw/lowpoly_tropical/flowerbed.glb	195.3	0
13:11:19	raw/lowpoly_tropical/tram-shelter.glb	148.1	0
13:14:57	raw/lowpoly_tropical/fountain.glb	211.3	0
13:17:19	raw/neon_noir/cafe-table.glb	134.9	0
13:19:12	raw/neon_noir/umbrella.glb	113.5	0
13:26:34	raw/neon_noir/planter.glb	441.1	0
13:33:01	raw/neon_noir/planter-pot.glb	387.2	0
13:34:02	raw/neon_noir/lamp-post.glb	57.1	0
13:35:36	raw/neon_noir/bollard.glb	94.0	0
13:37:01	raw/neon_noir/railing.glb	85.1	0
13:39:40	raw/neon_noir/street-tree-a.glb	152.0	0
13:42:03	raw/neon_noir/street-tree-b.glb	142.3	0
13:43:36	raw/neon_noir/palm-tall.glb	93.2	0
13:45:19	raw/neon_noir/palm-short.glb	102.9	0
13:50:26	raw/neon_noir/shrub-round.glb	297.0	0
13:55:08	raw/neon_noir/shrub-leafy.glb	216.1	0
13:57:24	raw/neon_noir/flowerbed.glb	135.6	0
13:59:41	raw/neon_noir/tram-shelter.glb	122.4	0
14:02:53	raw/neon_noir/fountain.glb	181.9	0
14:05:00	raw/solarpunk/cafe-table.glb	121.1	0
14:06:34	raw/solarpunk/umbrella.glb	94.1	0
14:11:45	raw/solarpunk/planter.glb	310.7	0
14:15:41	raw/solarpunk/planter-pot.glb	235.6	0
14:17:06	raw/solarpunk/lamp-post.glb	76.9	0
14:18:38	raw/solarpunk/bollard.glb	92.3	0
14:20:38	raw/solarpunk/railing.glb	119.8	0
14:23:16	raw/solarpunk/street-tree-a.glb	151.0	0
14:25:33	raw/solarpunk/street-tree-b.glb	137.0	0
14:26:52	raw/solarpunk/palm-tall.glb	78.5	0
14:28:41	raw/solarpunk/palm-short.glb	108.5	0
14:32:44	raw/solarpunk/shrub-round.glb	230.4	0
14:35:14	raw/solarpunk/shrub-leafy.glb	150.6	0
14:37:21	raw/solarpunk/flowerbed.glb	126.4	0
14:38:49	raw/solarpunk/tram-shelter.glb	79.6	0
14:41:32	raw/solarpunk/fountain.glb	149.1	0
14:44:30	raw/voxel/cafe-table.glb	173.0	0
14:47:09	raw/voxel/umbrella.glb	159.1	0
14:54:06	raw/voxel/planter.glb	416.9	0
14:57:46	raw/voxel/planter-pot.glb	219.2	0
14:59:01	raw/voxel/lamp-post.glb	70.6	0
15:00:27	raw/voxel/bollard.glb	86.0	0
15:02:09	raw/voxel/railing.glb	102.1	0
15:08:59	raw/voxel/shrub-round.glb	390.5	0
15:13:16	raw/voxel/shrub-leafy.glb	257.6	0
15:15:37	raw/voxel/flowerbed.glb	140.3	0
15:18:00	raw/voxel/tram-shelter.glb	136.8	0
15:20:21	raw/voxel/fountain.glb	130.7	0
15:23:03	raw/voxel/street-tree-a.glb	161.3	0
15:25:06	raw/voxel/street-tree-b.glb	123.8	0
15:26:24	raw/voxel/palm-tall.glb	77.1	0
15:28:06	raw/voxel/palm-short.glb	102.3	0
15:51:30	raw/neon_noir/tram-shelter~matte.glb	67.5	0
15:52:58	raw/solarpunk/tram-shelter~matte.glb	88.6	0
15:55:06	raw/neon_noir/fountain-seed7.glb	127.2	0
