1 cut the sheets' panels	all	6.4
2 measure the sheets' ramps	all	0.3
3 capture the game today	lowpoly_tropical	18.8
3 capture the game today	voxel	14.7
3 capture the game today	anime_cel	15.5
3 capture the game today	solarpunk	16.8
3 capture the game today	neon_noir	15.8
4 build, capture and measure	lowpoly_tropical	18.9
4 build, capture and measure	voxel	17.2
4 build, capture and measure	anime_cel	18.2
4 build, capture and measure	solarpunk	19.4
4 build, capture and measure	neon_noir	18.2
5 sprites: render and post-process	pixel_art	0.7
6 sprite pack: capture the sheet views	pixel_art	13.2
7 check the kits' specs and the footprint	all	0.1
8 compose the comparison sheets	all	3.6
